{
  "timestamp": "2025-10-16T11:31:45.172416",
  "test_parameters": {
    "model": "/models/qwen3-8b-awq",
    "input_tokens": "~1000",
    "output_tokens": "256",
    "temperature": 0.1,
    "frequency_penalty": 0.2
  },
  "results": [
    {
      "concurrency": 1,
      "total_requests": 4,
      "successful_requests": 4,
      "failed_requests": 0,
      "total_time": 12.498316049575806,
      "avg_response_time": 3.124546527862549,
      "min_response_time": 3.0872390270233154,
      "max_response_time": 3.2253410816192627,
      "median_response_time": 3.0928030014038086,
      "p95_response_time": 3.2253410816192627,
      "p99_response_time": 3.2253410816192627,
      "stdev_response_time": 0.06734237908904193,
      "total_input_tokens": 991,
      "total_output_tokens": 1024,
      "total_tokens": 2015,
      "tokens_per_second": 161.22171915058823,
      "requests_per_second": 0.32004311493913296,
      "avg_input_tokens": 247.75,
      "avg_output_tokens": 256
    },
    {
      "concurrency": 2,
      "total_requests": 8,
      "successful_requests": 8,
      "failed_requests": 0,
      "total_time": 16.131298780441284,
      "avg_response_time": 4.031107306480408,
      "min_response_time": 4.016556262969971,
      "max_response_time": 4.051235914230347,
      "median_response_time": 4.026529788970947,
      "p95_response_time": 4.051235914230347,
      "p99_response_time": 4.051235914230347,
      "stdev_response_time": 0.012982469156418265,
      "total_input_tokens": 1984,
      "total_output_tokens": 2048,
      "total_tokens": 4032,
      "tokens_per_second": 249.9488760873166,
      "requests_per_second": 0.49593030969705676,
      "avg_input_tokens": 248,
      "avg_output_tokens": 256
    },
    {
      "concurrency": 4,
      "total_requests": 16,
      "successful_requests": 16,
      "failed_requests": 0,
      "total_time": 18.7300865650177,
      "avg_response_time": 4.680295363068581,
      "min_response_time": 4.658550500869751,
      "max_response_time": 4.705961227416992,
      "median_response_time": 4.678057789802551,
      "p95_response_time": 4.705961227416992,
      "p99_response_time": 4.705961227416992,
      "stdev_response_time": 0.0170097058725079,
      "total_input_tokens": 3975,
      "total_output_tokens": 4096,
      "total_tokens": 8071,
      "tokens_per_second": 430.9109822842067,
      "requests_per_second": 0.8542405794260076,
      "avg_input_tokens": 248.4375,
      "avg_output_tokens": 256
    },
    {
      "concurrency": 8,
      "total_requests": 32,
      "successful_requests": 32,
      "failed_requests": 0,
      "total_time": 28.4607892036438,
      "avg_response_time": 7.112154148519039,
      "min_response_time": 7.088701248168945,
      "max_response_time": 7.126852035522461,
      "median_response_time": 7.106457829475403,
      "p95_response_time": 7.126037192344666,
      "p99_response_time": 7.126852035522461,
      "stdev_response_time": 0.010939220721622494,
      "total_input_tokens": 7952,
      "total_output_tokens": 8192,
      "total_tokens": 16144,
      "tokens_per_second": 567.2365542812531,
      "requests_per_second": 1.1243539232532274,
      "avg_input_tokens": 248.5,
      "avg_output_tokens": 256
    },
    {
      "concurrency": 16,
      "total_requests": 64,
      "successful_requests": 64,
      "failed_requests": 0,
      "total_time": 45.33180832862854,
      "avg_response_time": 11.32241028919816,
      "min_response_time": 11.273795127868652,
      "max_response_time": 11.379354476928711,
      "median_response_time": 11.321423888206482,
      "p95_response_time": 11.373767375946045,
      "p99_response_time": 11.379354476928711,
      "stdev_response_time": 0.027315041603704668,
      "total_input_tokens": 15911,
      "total_output_tokens": 16384,
      "total_tokens": 32295,
      "tokens_per_second": 712.4136713426593,
      "requests_per_second": 1.4118121989760086,
      "avg_input_tokens": 248.609375,
      "avg_output_tokens": 256
    },
    {
      "concurrency": 32,
      "total_requests": 128,
      "successful_requests": 128,
      "failed_requests": 0,
      "total_time": 75.39704704284668,
      "avg_response_time": 18.82719432376325,
      "min_response_time": 18.348630905151367,
      "max_response_time": 19.060461282730103,
      "median_response_time": 18.93977153301239,
      "p95_response_time": 19.043922984600066,
      "p99_response_time": 19.057165451049805,
      "stdev_response_time": 0.24481988731436513,
      "total_input_tokens": 31824,
      "total_output_tokens": 32768,
      "total_tokens": 64592,
      "tokens_per_second": 856.6913762987775,
      "requests_per_second": 1.6976792198142732,
      "avg_input_tokens": 248.625,
      "avg_output_tokens": 256
    },
    {
      "concurrency": 64,
      "total_requests": 256,
      "successful_requests": 256,
      "failed_requests": 0,
      "total_time": 149.1136655807495,
      "avg_response_time": 37.238961034454405,
      "min_response_time": 36.6043815612793,
      "max_response_time": 37.48902463912964,
      "median_response_time": 37.325045228004456,
      "p95_response_time": 37.47220258712768,
      "p99_response_time": 37.48575877666473,
      "stdev_response_time": 0.24301685933170022,
      "total_input_tokens": 63655,
      "total_output_tokens": 65536,
      "total_tokens": 129191,
      "tokens_per_second": 866.3927581475704,
      "requests_per_second": 1.7168111252779066,
      "avg_input_tokens": 248.65234375,
      "avg_output_tokens": 256
    },
    {
      "concurrency": 128,
      "total_requests": 512,
      "successful_requests": 512,
      "failed_requests": 0,
      "total_time": 253.95237469673157,
      "avg_response_time": 63.352609833236784,
      "min_response_time": 62.44727182388306,
      "max_response_time": 64.09109401702881,
      "median_response_time": 63.381383299827576,
      "p95_response_time": 63.94313178062439,
      "p99_response_time": 63.998624002933504,
      "stdev_response_time": 0.338708913687807,
      "total_input_tokens": 127312,
      "total_output_tokens": 131072,
      "total_tokens": 258384,
      "tokens_per_second": 1017.4506157249392,
      "requests_per_second": 2.016126057539046,
      "avg_input_tokens": 248.65625,
      "avg_output_tokens": 256
    },
    {
      "concurrency": 256,
      "total_requests": 1024,
      "successful_requests": 1024,
      "failed_requests": 0,
      "total_time": 438.4862530231476,
      "avg_response_time": 109.45504563953727,
      "min_response_time": 107.72345876693726,
      "max_response_time": 110.16654253005981,
      "median_response_time": 109.42272162437439,
      "p95_response_time": 110.10373246669769,
      "p99_response_time": 110.12035185098648,
      "stdev_response_time": 0.4885785028482385,
      "total_input_tokens": 254631,
      "total_output_tokens": 262144,
      "total_tokens": 516775,
      "tokens_per_second": 1178.5432187145889,
      "requests_per_second": 2.335306963308479,
      "avg_input_tokens": 248.6630859375,
      "avg_output_tokens": 256
    }
  ]
}